seq,ex_en,ex_zh
1,He is an American engineer.,他是一位美国工程师。
2,Her life changed after the move.,搬家之后，她的生活改变了。
3,What happened at this morning meeting?,今天上午的会上发生了什么？
4,She wants to become a teacher one day.,她想有一天成为一名老师。
5,The world feels smaller with the internet.,有了互联网，世界感觉变小了。
6,Take care of your body every day.,每天照顾好自己的身体。
7,Please sit by the window.,请坐在窗边。
8,He works on a farm near the town.,他在镇附近的农场工作。
9,This plan is different from the old one.,这个计划和旧的不同。
10,Today is a good day to begin.,今天是开始的好日子。
11,You can ask me anything about the work.,关于这份工作你可以问我任何问题。
12,They love that old song together.,他们一起喜欢那首老歌。
13,The man is reading a newspaper.,那个男人正在看报纸。
14,Sleep is important for growing children.,睡眠对成长中的孩子很重要。
15,I have never seen snow in this city.,这个城市里我从没见过雪。
16,Let us start the class now.,我们现在开始上课吧。
17,We have a small problem here.,这里有个小问题。
18,That is a great idea.,那是个很好的主意。
19,They live in a big house with a garden.,他们住在一栋带花园的大房子里。
20,The child is drawing on a piece of paper.,孩子正在纸上画画。
21,"Keep the door open, please.",请让门开着。
22,"Wait a moment, I will come back.",等一下，我马上回来。
23,We eat lunch at twelve.,我们十二点吃午饭。
24,The photo brought back an old memory.,那张照片勾起了一段旧回忆。
25,They walk in the park every evening.,他们每天傍晚在公园散步。
26,The weather changes quickly here.,这里的天气变化得很快。
27,This food tastes a little sour.,这食物尝起来有点酸。
28,He moved away from this town.,他搬离了这个镇。
29,Bring your book to class tomorrow.,明天把你的书带到课堂来。
30,I could not find my keys this morning.,今天早上我找不到钥匙。
31,Each word has its own sound.,每个词都有自己的发音。
32,Do you believe this story?,你相信这个故事吗？
33,She speaks three languages well.,她能流利地说三种语言。
34,They want to build a new school.,他们想建一所新学校。
35,Open the box and take out the book.,打开盒子，把书拿出来。
36,The news is bad for the market.,这个消息对市场不利。
37,Children learn fast from little games.,孩子从简单的游戏里学得很快。
38,Rice grows well in warm rain.,水稻在暖雨里长得很好。
39,A bird is sitting in the tree.,一只鸟停在树上。
40,His business is growing slowly.,他的生意在慢慢增长。
41,She lives in a small village.,她住在一个小村庄。
42,That guy helped me carry the box.,那个男生帮我搬了箱子。
43,Stop the car at the red light.,红灯前把车停下。
44,What a nice idea you have.,你的主意真不错。
45,The woman is waiting for a bus.,那位女士正在等公交车。
46,I met him two years ago.,我两年前见过他。
47,The train takes three hours.,这趟火车要坐三个小时。
48,Turn left at the second corner.,在第二个路口向左转。
49,The bottle is full of water.,瓶子里装满了水。
50,Science helps us understand the world.,科学帮助我们理解世界。
51,She will leave next month.,她下个月会走。
52,Walking is good for your health.,走路对你的健康有好处。
53,We are close friends from school.,我们是读书时的密友。
54,He runs before breakfast every day.,他每天早上早饭前跑步。
55,This is a new kind of machine.,这是一种新型机器。
56,Thank you for the warm welcome.,谢谢你的热烈欢迎。
57,The temple opens at sunrise.,寺庙在日出时开门。
58,I read the paper every morning.,我每天早上看报。
59,We had a wonderful time together.,我们在一起度过了很棒的时光。
60,Write your phone number here.,把你的电话号码写在这里。
61,Children at her age love simple games.,她这个年纪的孩子喜欢简单的游戏。
62,I heard a strange noise last night.,昨晚我听到一个奇怪的声音。
63,"Give me five minutes, please.",请给我五分钟。
64,The children play outside after school.,孩子们放学后在户外玩。
65,Thick smoke can kill the young trees.,浓烟会杀死小树。
66,My grandfather is old but still strong.,我爷爷年纪大了，但依然硬朗。
67,She has brown eyes and long hair.,她有一双棕色的眼睛和长发。
68,The garden looks beautiful in the rain.,下雨天这花园显得很美。
69,The brain needs sleep to rest.,大脑需要睡眠来休息。
70,Music is a big part of this culture.,音乐是这种文化的重要部分。
71,My family lives in a quiet town.,我家人住在一个安静的镇上。
72,A large box arrived this morning.,一只大箱子今天上午到了。
73,Swimming is my favourite activity.,游泳是我最喜欢的活动。
74,"His words are true, not only clever.",他的话是真实的，不只是漂亮。
75,She gave me a piece of cake.,她给了我一小块蛋糕。
76,The shop is on the other side of the street.,店在街的另一边。
77,The doctor helped the sick child.,医生帮助了那个生病的孩子。
78,I read this book twice.,这本书我读了两遍。
79,School starts at eight in the morning.,学校早上八点开始上课。
80,Her mother cooks dinner for us every day.,她妈妈每天给我们做晚饭。
81,This course is about the human body.,这门课讲的是人体。
82,The story made everyone laugh.,这个故事把大家都逗笑了。
83,Their house has a small garden.,他们家有一个小花园。
84,There is no reason to worry now.,现在没有理由担心。
85,I will pay for the two tickets.,两张票我来付钱。
86,Remember to close the window.,记得关窗。
87,He has already finished his work.,他已经做完工作了。
88,She teaches young children to read.,她教小孩子识字。
89,Would you like a drink of water?,你想喝点水吗？
90,The machine cuts the wood into pieces.,机器把木头切成块。
91,Technology changes the way we work.,技术改变了我们的工作方式。
92,Tomorrow we will visit the museum.,明天我们要去参观博物馆。
93,Daily practice improves your accent.,每天练习能改善你的口音。
94,Can you carry this bag for me?,你能帮我提这个包吗？
95,We finished the work together.,我们一起完成了这项工作。
96,He saved money for a new bike.,他为买一辆新自行车存钱。
97,The last question was very hard.,最后那道题很难。
98,His wife works in a small shop.,他妻子在一家小店工作。
99,Almost everyone passed the test.,几乎所有人都通过了这次考试。
100,I spend an hour reading each night.,我每晚花一小时阅读。
101,She found a job near her home.,她在离家不远的地方找到了工作。
102,This is a real diamond ring.,这是一枚真的钻石戒指。
103,One small change makes a difference.,一个小小的改变就会带来不同。
104,Where should we begin today?,我们今天应该从哪里开始？
105,Good words without action are empty.,没有行动的好话是空洞的。
106,That is very nice of you.,你真是太好了。
107,I called you on the phone last night.,我昨晚打电话给你了。
108,The dog sleeps in the warm sun.,狗在暖和的阳光下睡觉。
109,Small cafes are everywhere in this city.,这座城里到处都是小咖啡馆。
110,Let us meet at the school gate.,我们在校门口见面吧。
111,The young trees grow fast in spring.,小树在春天长得很快。
112,A strong wind blew the door open.,一阵大风把门吹开了。
113,She was happy with the final result.,她对最终结果很满意。
114,Write your name at the top of the page.,把你的名字写在页首。
115,The moon is bright above the roof.,屋顶上方挂着明亮的月亮。
116,He is an old friend from my class.,他是我班上的一位老朋友。
117,Listen to the teacher before you answer.,回答问题之前先听老师讲。
118,Be careful with the knife in the kitchen.,小心厨房里的那把刀。
119,I enjoy walking by the river.,我喜欢沿着河走。
120,I missed the last bus home.,我错过了回家的末班车。
121,His heart beat fast before the race.,比赛开始前他的心跳得很快。
122,They climbed the mountain in three days.,他们三天里爬完了那座山。
123,Social life matters after you move.,搬家之后，社交生活也很重要。
124,Her car is small but very clean.,她的车很小，但是很干净。
125,I ride my bike to school every day.,我每天骑自行车上学。
126,The game ends at five in the afternoon.,比赛下午五点结束。
127,The boy is too young to carry it.,这男孩太小，搬不动它。
128,We buy fresh fruit at the market.,我们在市场买新鲜水果。
129,She planted flowers along the wall.,她沿着墙种了花。
130,Choose one colour and start painting.,选一个颜色，开始画吧。
131,Birds fly south when winter comes.,冬天来临时鸟儿飞往南方。
132,Her parents work in the same school.,她父母在同一所学校工作。
133,This exercise is easy to finish.,这个练习很容易完成。
134,A pencil is a simple tool for drawing.,铅笔是画画用的简单工具。
135,The girl is reading under the light.,那个女孩正在灯下看书。
136,The answer is at the bottom of the page.,答案在页底。
137,The king listened to his people.,国王倾听他的子民。
138,His father taught him to ride a bike.,他爸爸教他骑自行车。
139,We watch the sunset from the hill.,我们在山上看日落。
140,Stars are easy to see at night.,夜晚的星星很容易看见。
141,That animal is drinking from the river.,那只动物正在河边喝水。
142,Our teacher explains every new word.,老师会讲解每一个新词。
143,The class lasted one long period today.,今天这节课上了一整个大节。
144,Do not forget your umbrella.,别忘了你的伞。
145,He spoke to himself in front of the mirror.,他对着镜子跟自己说话。
146,This is a good example to follow.,这是个值得效仿的好例子。
147,"Excuse me, sir, where is the station?",打扰一下，先生，车站在哪里？
148,A good leader listens before speaking.,好的领导者先听，后说。
149,The train goes fast along the coast.,火车沿海岸开得很快。
150,She wears a red coat in winter.,她冬天穿一件红色外套。
151,Children play in this quiet street.,孩子们在这条安静的街上玩。
152,This city has ten new public parks.,这座城市有十座新的公园。
153,It is a pleasure to meet you here.,在这里见到你是件愉快的事。
154,I agree with your plan.,我同意你的计划。
155,History is full of small forgotten details.,历史里满是细碎的往事。
156,The ball rolled under the table.,球滚到桌子底下去了。
157,Every language has its own rhythm.,每种语言都有自己的节奏。
158,Our class ends at half past three.,我们班三点半放学。
159,The river runs straight through the town.,这条河径直穿过镇子。
160,The tiger sleeps in the tall grass.,老虎睡在高高的草丛里。
161,Imagine a world without music.,想象一个没有音乐的世界。
162,The sun rises in the east every day.,太阳每天从东方升起。
163,Her husband works in the city centre.,她丈夫在市中心工作。
164,A small snake crossed the road quickly.,一条小蛇飞快地横穿了马路。
165,Breathe slowly and you will feel calm.,慢慢呼吸，你就会平静下来。
166,The lady is reading a very thick book.,那位女士正在读一本很厚的书。
167,We visit them once a week.,我们每周去看他们一次。
168,That was a smart way to finish it.,那是个聪明的收尾办法。
169,Our conversation lasted the whole evening.,我们聊了整整一个晚上。
170,The party ended at midnight.,聚会在午夜结束。
171,I am sorry for the late reply.,很抱歉回复晚了。
172,War brings hunger to many families.,战争给许多家庭带来饥饿。
173,They sell fresh fish at the shop.,他们在店里卖新鲜的鱼。
174,The view from the hill is super.,从山上看景色棒极了。
175,In the evening we walk along the river.,傍晚我们沿着河散步。
176,This question is difficult but useful.,这道题难，但很有用。
177,Someone is knocking at the door.,有人在敲门。
178,This page gives useful information.,这一页提供了有用的信息。
179,Can you finish it before Friday?,周五之前你能完成吗？
180,A healthy body needs daily movement.,健康的身体需要每天活动。
181,Take the medicine after meals.,饭后吃药。
182,We catch the bus at the corner.,我们在路口赶公交车。
183,He placed a stone on the small path.,他在小路尽头放了一块石头。
184,The movie was longer than we expected.,电影比我们预想的更长。
185,Everything is ready for the trip.,出行的东西都准备好了。
186,The school event draws many parents.,这次校活动吸引了很多家长。
187,Her son is studying in another city.,她儿子在另一个城市读书。
188,We visit my grandparents every spring.,我们每年春天去看爷爷奶奶。
189,Save a little money every month.,每个月存下一点钱。
190,He posted a short video online.,他在网上发了一段短视频。
191,They dance to the old song.,他们随着那首老歌起舞。
192,The town keeps its narrow old streets.,这个小镇保留着窄窄的老街。
193,She sings in the morning chorus.,她参加早上的合唱。
194,This fruit is sweet and cold.,这水果又甜又凉。
195,The farm grows rice and vegetables.,这个农场种稻米和蔬菜。
196,The drama club meets on Wednesdays.,戏剧社每周三碰面。
197,"He is rich in friends, not in money.",他富有的是朋友，不是钱。
198,Teachers play a very important role.,老师扮演着非常重要的角色。
199,The old box looks ugly but is strong.,这只旧箱子不好看，但很结实。
200,The building has six floors.,这栋楼有六层。
201,This case is different from the last one.,这个案子和上一个不同。
202,Keep your personal things in the drawer.,把你的私人物品放在抽屉里。
203,This tooth hurts when I eat something hard.,这颗牙一咬硬东西就疼。
204,He usually walks to the office.,他通常走路去办公室。
205,Yesterday I saw a strange bird.,昨天我看见一只奇怪的鸟。
206,The scientist explains the test very simply.,这位科学家把实验讲得非常简洁。
207,A dry leaf fell on her shoulder.,一片枯叶落在她的肩上。
208,The farmer waits for the rain.,那位农户在等雨。
209,Our goal is to finish before June.,我们的目标是六月底前完成。
210,Slow thinking helps in hard choices.,慢思考有助于做出艰难的选择。
211,She cooks dinner for the whole family.,她给全家人做晚饭。
212,She clothes her children in warm coats.,她给孩子们穿上暖和的外套。
213,Music fills the house every evening.,每天傍晚屋里都放着音乐。
214,A small bird sits on the fence.,一只小鸟停在栅栏上。
215,This old book costs only five dollars.,这本旧书只要五美元。
216,The storm last night was terrible.,昨晚的暴风雨非常可怕。
217,The hospital is five minutes away.,医院离这里五分钟路程。
218,She is a successful young writer.,她是一位成功的年轻作家。
219,The baby is sleeping in the quiet room.,宝宝在安静的房间里睡觉。
220,Dinner will be ready soon.,晚饭很快就好。
221,Add a little salt to the soup.,往汤里加一点点盐。
222,What color is your new bag?,你的新包是什么颜色？
223,He looked angry after the long wait.,等了那么久之后他看起来很生气。
224,The ground was wet after the heavy rain.,大雨过后地面很湿。
225,Every student keeps a small notebook.,每个学生都带着一个小本子。
226,My leg hurts after the long walk.,走了很长的路之后我的腿疼。
227,The engineer checked the old bridge.,工程师检查了那座旧桥。
228,Take a chair near the open window.,搬一把靠窗的椅子。
229,These shoes are the wrong size.,这双鞋的尺寸不对。
230,Describe the room in two sentences.,用两句话描述一下这个房间。
231,He stayed at home because he was sick.,他因为生病待在家里。
232,"The room is cold, so open the window.",屋里很冷，把窗打开吧。
233,My brother is two years older than me.,我哥比我大两岁。
234,The answer is short but very clear.,答案很短，但是很清楚。
235,Today is a special day for us all.,今天对我们大家都是特别的一天。
236,How often do you read aloud?,你多久朗读一次？
237,Her daughter draws animals very well.,她女儿画动物画得很好。
238,The show is on stage in ten minutes.,演出十分钟后上台。
239,There is a picture on the wall.,墙上挂着一幅画。
240,My neighbor grows roses by the wall.,我的邻居在墙边种玫瑰。
241,The bed is too short for him.,这张床对他来说太短了。
242,The monkey took a banana from the box.,猴子从盒子里拿走一根香蕉。
243,I write all my notes on the computer.,我所有的笔记都写在电脑上。
244,Brush your teeth before you leave.,走之前把牙刷了。
245,He works in the field of medicine.,他在医学这一行工作。
246,She studies engineering at college.,她在大学学工程。
247,The train passed the station very quickly.,火车飞快地驶过车站。
248,Open the window and breathe deeply.,打开窗，深深地吸一口气。
249,I am glad you could come today.,我很高兴你今天能来。
250,We have breakfast before seven.,我们七点以前吃早饭。
251,Eat more vegetables with the rice.,配着米饭多吃些蔬菜。
252,He left a short message on my phone.,他在我手机上留了一条短消息。
253,The garden is full of green plants.,花园里长满了绿色植物。
254,Put the cups on the small table.,把杯子放到小桌上。
255,She ate one apple after lunch.,她午饭后吃了一个苹果。
256,The sky turned orange before sunset.,日落前天空变成了橘色。
257,The rain stopped before midnight.,雨在午夜前停了。
258,My father is busy every weekday.,我爸爸每个工作日都很忙。
259,Walking alone brings a quiet peace.,独自散步会带来一份安静的安宁。
260,The kitchen is clean and very tidy.,厨房干净又整洁。
261,Our cat drinks milk every morning.,我们的猫每天早上喝牛奶。
262,His nose turned red in the cold wind.,冷风里他的鼻子变红了。
263,The room was dark when we arrived.,我们到达时屋里一片漆黑。
264,The team finished the whole job together.,整个工程是团队一起完成的。
265,Write the address carefully on the envelope.,在信封上把地址仔细写好。
266,She felt sad when the trip ended.,旅行结束时她有点难过。
267,The news surprised the whole class.,这个消息让全班都吃了一惊。
268,Art class is the last one today.,今天的最后一节是美术课。
269,She wore a black coat to the party.,她穿一件黑外套去参加聚会。
270,The baby weighed three kilos at birth.,宝宝出生时重三公斤。
271,His office is on the third floor.,他的办公室在三楼。
272,We drink coffee during the long break.,长时间休息时我们喝咖啡。
273,Her hair is long and very dark.,她的头发又长又黑。
274,The old story talks about a ghost.,那个老故事讲的是一个鬼。
275,I lost the key to the front door.,我把大门的钥匙弄丢了。
276,They celebrated her birthday with songs.,他们用歌声为她庆祝生日。
277,I am hungry after the long morning walk.,走了那么久的早路我饿了。
278,We share every meal as one family.,我们每顿饭都像一家人一样一起吃。
279,The hall can hold two hundred people.,这个大厅能容纳两百人。
280,Lunch is served from twelve to one.,午餐十二点到一点供应。
281,The hotel is just across the street.,酒店就在街对面。
282,He felt lonely in the big new city.,在这座陌生的大城市里他感到孤单。
283,The bathroom is between the two rooms.,浴室在两间房子中间。
284,She collects old stamps from her friends.,她收集朋友们送的旧邮票。
285,The game is great fun for young children.,这个游戏对小朋友来说很有趣。
286,He went to college after high school.,高中毕业以后他上了大学。
287,We sat on the hill and watched the town.,我们坐在山丘上看着镇子。
288,Rice is her favorite food.,米饭是她最喜欢的食物。
289,Fill the bottle with clean water.,把瓶子装满干净的水。
290,The village was poor but very quiet.,这个村子很穷，但非常安静。
291,The train arrived late in the night.,火车在深夜才到。
292,The dog carried a bone to the door.,狗叼着一块骨头跑到门口。
293,The old bridge is closed for repair.,那座旧桥因为维修封闭了。
294,There is a small hole in the sock.,袜子上破了个小洞。
295,How did you solve the problem so fast?,你怎么这么快就把问题解决了？
296,She bought bread and milk this morning.,她今天早上买了面包和牛奶。
297,She is afraid to fly in small planes.,她害怕坐小型飞机。
298,Every skill needs daily practice.,每一项技能都需要每天练习。
299,The guests arrived before dinner time.,客人们在晚饭前就到了。
300,She put the keys in her hand bag.,她把钥匙放进了随身包里。
301,We watch the news on television.,我们在电视上看新闻。
302,He sent a card to his old teacher.,他给以前的老师寄了一张卡片。
303,The box is full of old books.,箱子里装满了旧书。
304,Wash your hands before the meal.,吃饭前要洗手。
305,This is the ideal time to begin.,这是开始的理想时机。
306,The clock on the wall is five minutes slow.,墙上的钟慢了五分钟。
307,His bike needs a new chain.,他的自行车需要一条新链子。
308,The floor was dirty after the party.,聚会结束后地板很脏。
309,Open your mouth and say the whole word.,张开嘴，把整个单词念出来。
310,The paint is still wet on the door.,门上的油漆还没干。
311,She prays quietly every morning at home.,她每天早上在家安静地祈祷。
312,The lazy cat slept all the afternoon.,那只懒猫睡了整个下午。
313,History is my favourite school subject.,历史是我最喜欢的科目。
314,The weather turns cold in November.,十一月天气转冷。
315,Be careful with the hot soup.,小心那锅热汤。
316,A glass of water is on the small table.,桌上有一杯水。
317,The old palace opens to visitors in summer.,那座老宫殿夏天对游客开放。
318,Please take the empty seat near the window.,请坐靠窗的座位。
319,My grandfather walks two kilometres every day.,我爷爷每天走两公里。
320,The factory lies beside a small river.,工厂坐落在一座小河边。
321,That gift came from her older sister.,那份礼物是她姐姐送的。
322,Hide the key under the big stone.,把钥匙藏在那块大石头下面。
323,The meeting lasted more than an hour.,会议开了一个多小时。
324,The cow stands under the big tree.,那头牛站在大树底下。
325,The ticket is in your left pocket.,票在你左边口袋里。
326,They swim at the beach every summer.,他们每年夏天在海边游泳。
327,The white wall looks clean and bright.,白墙看起来干净又明亮。
328,Write your name on a piece of paper.,把你的名字写在一张纸上。
329,The soup is too hot to drink right now.,汤太烫，现在喝不了。
330,Dark clouds bring the evening rain.,乌云带来了傍晚的雨。
331,My mother is cooking in the kitchen.,我妈妈正在厨房做饭。
332,The toilet is at the end of the hall.,洗手间在走廊尽头。
333,Meet me at the station before noon.,中午之前在车站等我。
334,Her grandmother tells long old stories.,她奶奶会讲很长很古老的故事。
335,We rest in the warm afternoon.,我们在暖和的午后休息。
336,A strange sound came from the old box.,一个奇怪的声音从旧箱子里传出来。
337,Join us for the evening walk.,来和我们一起傍晚散步吧。
338,The river dries up in the hot summer.,天热的夏天河水会干涸。
339,He waited at the corner for an hour.,他在路口等了一个小时。
340,She hummed a soft old song.,她轻轻哼着一支老歌。
341,The cinema closes at eleven at night.,电影院晚上十一点关门。
342,A wide hat keeps the sun away from your face.,宽檐帽能挡住照到脸上的太阳。
343,The bus is late again this morning.,今天早上公交车又晚点了。
344,"Dinner is ready, please come to the table.",晚饭好了，请过来吃饭。
345,The heavy box needs two people to carry.,这个重箱子需要两个人抬。
346,The town is famous for its old temple.,这个镇以那座古庙闻名。
347,The internet makes far places feel near.,互联网让远方的地感觉很近。
348,My sister studies medicine in the city.,我姐姐在城里学医。
349,Good luck with the morning exam.,祝早上那场考试好运。
350,The rat hid under the old wooden box.,那只老鼠躲到了旧木箱底下。
351,Repeat the sentence after the teacher.,跟着老师把这句话重复一遍。
352,The celebration went on past midnight.,庆祝一直持续到过了午夜。
353,Do not drive when you are drunk.,喝醉了就不要开车。
354,These tickets are too expensive for us.,这些票对我们来说太贵了。
355,The driver opened the door for us.,司机替我们把门打开了。
356,The map helped us find the small town.,这张地图帮我们找到了那个小镇。
357,Her funny story made the whole room laugh.,她那个好笑的故事把满屋人都逗笑了。
358,He looked at me with a knowing smile.,他带着心照不宣的微笑看着我。
359,Her birthday falls in the middle of spring.,她的生日在仲春。
360,The front wheel of the bike is flat.,自行车前轮瘪了。
361,What a lovely little garden it is!,这是个多可爱的小花园啊！
362,The sky turned deep blue after the rain.,雨后天空变成深蓝色。
363,I was awake before the morning bell rang.,晨钟响之前我就醒了。
364,Swimming is the most popular sport here.,游泳是这里最受欢迎的运动。
365,What nationality did you write on the form?,你在表上填的是哪国国籍？
366,She took pictures with an old camera.,她用一台旧相机拍照。
367,Let me introduce my old friend to you.,让我把我的老朋友介绍给你。
368,We clean the house at the weekend.,我们周末打扫房子。
369,This shoe is one size bigger than the other.,这只鞋比另一只大一号。
370,The empty room felt like nothingness.,空荡荡的房间给人一种虚无感。
371,We flew to that island by airplane.,我们坐飞机去了那个岛。
372,It is a quarter past eight right now.,现在正好是八点一刻。
373,The pig eats fast in the farm yard.,那只猪在院子里吃得很快。
374,My partner helps me with every exercise.,我的同伴陪我一起做每道练习。
375,My uncle lives on a small farm.,我叔叔住在一个小农场里。
376,A frog jumped into the water at dawn.,一只青蛙在天亮时跳进了水里。
377,These are everyday words we hear often.,这些是我们平时常听到的日常词。
378,"Unknowingly, she hummed the same tune all morning.",她不知不觉地哼了一上午同一支曲子。
379,We cook the meat with a little salt.,我们把肉加一点盐来煮。
380,I bought two tickets for the evening show.,我买了两张晚场演出的票。
381,The best player scored twice in the game.,表现最好的球员在比赛里进了两个球。
382,The thin ice could not hold his weight.,薄冰承受不住他的体重。
383,The teacher chose a new topic for today.,老师今天选了一个新的话题。
384,The tall trees keep the road in the shade.,高高的树让小路处在树荫里。
385,The flowers open early in the spring time.,春花开得很早。
386,She left a short note on my desk.,她在我桌上留了张便条。
387,The sea looks calm in the early morning.,清晨的海面显得很平静。
388,Dad fixes the old bike every weekend.,爸爸每个周末都修那辆旧自行车。
389,Take the garbage out before you leave.,离开之前把垃圾拿出去扔掉。
390,Do not put too much sugar in the milk.,牛奶里别放太多糖。
391,The horse walked slowly along the field.,那匹马沿着田野慢慢地走。
392,The actor remembered every line of the play.,那位演员记住了戏里的每一句台词。
393,She wore an orange scarf all through winter.,她整个冬天围着一条橙色围巾。
394,He kicked the ball into the net.,他把球踢进了球门。
395,Cover the bowl with a clean cloth.,用一块干净的布把碗盖住。
396,I take a warm bath after the long walk.,走了长路之后我泡个热水澡。
397,This book is due back to the library next week.,这本书下周要还回图书馆。
398,He carried a bucket of water to the garden.,他拎了一桶水送到花园。
399,Each item on the list costs ten dollars.,清单上每一项都是十美元。
400,Colours carry a great deal of subjectivity.,颜色带有很多主观色彩。
401,We spent the holiday at a seaside town.,我们在一个海边小镇过的假期。
402,The bell rang once and everyone stopped.,铃响了一声，大家全部停下。
403,The soup tastes a little salty today.,今天的汤有点咸。
404,The bedroom looks small but very warm.,卧室看起来小，但很暖和。
405,A big truck parked in front of the shop.,一辆大卡车停在店门口。
406,The lake freezes over in the deep winter.,严冬时湖面会整个结冰。
407,We discuss the plan again after the break.,休息之后我们再讨论这个方案。
408,The bottom of the bottle is covered in dust.,瓶底积了一层灰尘。
409,She wore a long scarf around her neck.,她脖子上围着一条长围巾。
410,The yellow taxi took us to the station.,那辆黄色出租车把我们送到了车站。
411,We swim in the river every afternoon.,我们每天下午在河里游泳。
412,The festival fills the whole long street.,节日让整条长街都热闹起来。
413,Turn to the last page of the story.,翻到故事的最后一页。
414,She cut two tomatoes into the salad.,她往沙拉里切了两个番茄。
415,Opinions about music are highly subjective.,对音乐的看法非常主观。
416,The jewelry was kept in a small blue box.,首饰装在一个蓝色小盒子里。
417,The worker repaired the door in one hour.,工人用一个小时就把门修好了。
418,The noise from the street stopped at midnight.,街上的噪音到午夜就停了。
419,The library opens at nine every morning.,图书馆每天早上九点开门。
420,She joined the music club last spring.,她去年春天加入了音乐社。
421,The airport is thirty minutes from here.,机场离这里有三十分钟车程。
422,He carried the heavy bag on his shoulder.,他把那个重袋子挎在肩上。
423,Their pet dog sleeps right by the door.,他们家的宠物狗就睡在门边。
424,The farmer mixes manure into the soil before planting.,农户在播种前把肥料混进土里。
425,We eat rice twice a day at home.,我们在家一天吃两顿米饭。
426,Their vacation lasted three full weeks.,他们的假期有整整三个星期。
427,The cake tastes sweet and a little dry.,蛋糕很甜，但有点干。
428,She became a fan after the first concert.,第一次演唱会之后她就成了粉丝。
429,The morning sun makes the room bright.,早晨的阳光让房间亮堂起来。
430,The band played until late at night.,乐队一直演奏到深夜。
431,Sleep is the base of good wellness.,好的身心状态，睡眠是根基。
432,The church bell rings every Sunday morning.,教堂的钟每周日早晨都会响。
433,The prince walked through the old city gate.,王子走进了那座古老城门。
434,He fell over and hurt his left knee.,他摔了一跤，弄伤了左膝盖。
435,Her speech lasted no more than five minutes.,她的演讲不超过五分钟。
436,A small boat crossed to the other side.,一只小船渡到了对岸。
437,You are lucky to have such a good friend.,有这样一位好朋友，你很幸运。
438,The football match ends at dusk.,足球比赛在黄昏结束。
439,The musician writes simple songs for children.,这位音乐家为孩子们写简单的歌。
440,Her character is kind and very patient.,她的性情善良，又很有耐心。
441,The elder brother helps with every task.,哥哥帮着做每一件事。
442,That island can be reached only by boat.,那个岛只能坐船才能到。
443,The cat did not drink its milk today.,那只猫今天没有喝它的牛奶。
444,The tv is on in the living room.,电视在客厅里开着。
445,The lion rested in the shade of a big rock.,狮子在一块大石头的阴凉处休息。
446,The flag flew above the old building.,旗帜在那栋老建筑上方飘扬。
447,Selfishness shows when no one is watching.,没有人看着的时候，自私就露出来了。
448,The chicken ran across the farm yard.,那只鸡跑过了农家院子。
449,The accident taught him a very hard lesson.,那次事故给了他一个很惨痛的教训。
450,A thin layer of ice covered the river before dawn.,天亮前河面结了一层薄冰。
451,They visit the family site only once a year.,他们每年只去那处家族墓地祭拜一次。
452,She wrote a short poem about the sea.,她写了一首关于大海的短诗。
453,Both of my grandparents live in the village.,我的祖父母都住在那个村子里。
454,The shop puts everything on sale today.,店里今天所有东西都在打折。
455,That restaurant stays open until late at night.,那家餐馆开到深夜。
456,The work gained momentum after the first week.,第一周之后，事情有了势头。
457,The teacher gave us an excellent example.,老师给了我们一个极好的例子。
458,I received a letter from my old friend.,我收到一封老朋友的信。
459,The child came home with dirty hands.,孩子回到家时手上脏兮兮的。
460,He repairs old bicycles in a very small shop.,他在一家很小的店里修旧自行车。
461,We have two guests staying this weekend.,这个周末家里住着两位客人。
462,His legacy lives in the students he taught.,他留下的东西，在他教过的学生身上。
463,Openness makes every conversation easy.,坦诚让每一次对话都变得轻松。
464,The newspaper prints the weather for tomorrow.,报纸上印着明天的天气。
465,The school ran a survey about the school lunch.,学校做了一次关于午饭的调查。
466,She folded the shirt and put it in her bag.,她把衬衫叠好放进了包里。
467,He was incapable of finishing the work alone.,他一个人完不成那项工作。
468,We boil potatoes for the evening meal.,我们把土豆煮了当晚饭。
469,His sight is good again after the long rest.,休息了这么久，他的视力又好了。
470,The plane landed in the dark of the night.,飞机在夜色里降落了。
471,My brother is tall and looks very handsome.,我哥哥个子高，长得也很帅。
472,The supermarket stays open twenty four hours.,这家超市二十四小时营业。
473,The theater fills up before every show.,每场演出开始前剧院都坐满了。
474,It was sunny all through the long afternoon.,整个漫长的午后都是晴天。
475,We eat dosa with coconut chutney for breakfast.,我们早餐吃多萨饼配椰子酱。
476,The cop wrote the ticket at the street corner.,那位警察在路口开了张罚单。
477,He finished the whole book sitting on the couch.,他坐在沙发上读完了整本书。
478,He covered his ears in the noisy hall.,在喧闹的大厅里他捂住了耳朵。
479,Reading before bed is a good habit.,睡前读书是个好习惯。
480,The school pool closes in the winter months.,学校游泳池在冬天关闭。
481,A bee flew around the flowers in the garden.,一只蜜蜂在花园的花丛间飞。
482,The shy boy did not speak in the class.,那个害羞的男孩在课堂上没说话。
483,This photo was taken ten years ago.,这张照片是十年前拍的。
484,The farmers harvest corn in the early autumn.,农民在初秋收割玉米。
485,We placed the sofa against the white wall.,我们把沙发靠在白墙边。
486,This pair of shoes is too small for me.,这双鞋我穿着太小了。
487,The princess waved to the people in the square.,公主向广场上的人群挥手。
488,She wrote the new words in her notebook.,她把新词写在了笔记本上。
489,This dish is made with rice and a little salt.,这道菜是用米和一点盐做的。
490,He wore a blue cap to keep the sun off.,他戴着一顶蓝帽子挡太阳。
491,The jacket is warm but a little too long.,这件夹克很暖和，就是有点太长。
492,She reads a magazine in the long waiting hall.,她在长长的等候厅里翻阅杂志。
493,One small suggestion saved us a lot of time.,一个小小的建议替我们省了大量时间。
494,The breadth of the river surprises every visitor.,这条河的宽度让每个游客都吃一惊。
495,"Medically speaking, rest is part of the treatment.",从医学上说，休息也是治疗的一部分。
496,The old church stands behind the small school.,那座老教堂在小学校后面。
497,Our teacher is strict but always fair.,我们老师很严格，但一直很公正。
498,What a cute little dog you have!,你这只小狗真可爱！
499,"Bodily pain passes, but the lesson stays.",身体上的痛会过去，留下的教训却还在。
500,Words are only a carrier; the meaning lives in the heart.,词只是载体，意思住在心里。
501,The thick fog stopped the morning traffic.,浓雾让早上的交通停了下来。
502,The quiet sea gave him a sense of oneness.,宁静的大海让他感到万物一体。
503,Ten children are absent from the class today.,今天有十个孩子没来上课。
504,Do not discard the old notes too early.,别太早把旧笔记扔掉。
505,They play tennis in the cool of the evening.,傍晚凉快时他们打网球。
506,My aunt lives two streets away from our house.,我姑姑住在离我们家两条街的地方。
507,The old bridge is checked periodically.,那座旧桥会定期检修。
508,Aging brings a quiet patience with it.,年岁增长，也带来一份安静的耐心。
509,The code was written by a young engineer.,这段代码是一位年轻工程师写的。
510,Do not expect superman to fix everything.,别指望超人来解决所有事情。
511,Math is hard for some children at the very start.,数学对有些孩子一开始很难。
512,The leaves turn red in the late autumn.,深秋时树叶变红。
513,We drink tea together every single evening.,我们每个傍晚一起喝茶。
514,She put two eggs into the bowl.,她往碗里打了两个鸡蛋。
515,The train runs nonstop to the coastal city.,这趟火车不停站开到那座海滨城市。
516,The silence felt almost unreal at dawn.,黎明时的安静近乎不真实。
517,They greet every guest at the front door.,他们在前门迎接每一位客人。
518,"The painting is old, but the colours are bright.",这幅画很旧，颜色却依然明亮。
519,A short tube carries water to the small field.,一根短管把水引到那块小田里。
520,That shop caters to young students only.,那家店主要面向年轻学生。
521,She stared at the blank page and began to write.,她盯着空白的纸页，开始写起来。
522,A healthful lunch is not always expensive.,健康的午饭不一定都很贵。
523,He pressed the button and the door opened.,他按下按钮，门就开了。
524,He beat the drum until the whole street heard.,他敲鼓，一直敲到整条街都听见。
525,This pen writes well even on thin paper.,这支笔即使在薄纸上写得很顺。
526,Good parenting needs time more than money.,好的育儿需要的不是钱，是时间。
527,A bright poster hangs on the classroom wall.,教室墙上挂着一张鲜艳的海报。
528,The fullness of the season shows in the fruit.,季节的丰盈，都显在果实里。
529,He started a collection of small smooth stones.,他开始收集光滑的小石子。
530,Can I borrow your dictionary for a moment?,字典能借我用一会儿吗？
531,He is a fanatic about the morning run.,他对晨跑几乎到了痴迷的程度。
532,We had a picnic by the river last Sunday.,上周日我们在河边野餐。
533,The old temple marks the rebirth of the town.,那座古庙标志着这个小镇的重生。
534,Check the new word in the dictionary.,在字典里查一下这个新词。
535,She poured tea into the small clay cup.,她把茶倒进那只小陶杯。
536,English is used in more places every year.,英语每年用到的地方越来越多。
537,This word means two quite different things.,这个词有两个很不相同的意思。
538,A tired human face appeared at the window.,窗子上出现了一张疲惫的人脸。
539,A good day begins with a quiet morning.,美好的一天从安静的早晨开始。
540,His mind grew calm after the long evening walk.,走了那么长的夜路，他心里平静下来。
541,Call me when you arrive at the station.,你到车站的时候给我打个电话。
542,They live in a small house by the sea.,他们住在海边的一间小房子里。
543,We talk about the plan after the evening meal.,晚饭后我们讨论这个方案。
544,Certain words carry more weight than others.,有些词比别的词更有分量。
545,Experience teaches what no book can teach.,经验教给人的，是任何书都教不了的。
546,Try once more and the road will open.,再试一次，路就会打开。
547,She read the whole letter twice.,这封信她整整读了两遍。
548,I understand the question now after your help.,你讲过之后我就明白这道题了。
549,Ask me any question about this lesson.,关于这堂课的任何问题都可以问我。
550,I feel better after just a short walk.,走了这么一小段路，我感觉好些了。
551,This place is quiet even in the busy season.,这地方即使在旺季也很安静。
552,Children create their own games every afternoon.,孩子们每天下午自己编新游戏。
553,Our planet gives us everything we eat.,我们的星球提供我们吃的一切。
554,He went back to the small town after the trip.,旅行结束后他回到了那个小镇。
555,Nature heals the body faster than any medicine.,大自然比任何药都更快疗好身体。
556,Physical work keeps the body strong and steady.,体力劳动让身体强壮又稳当。
557,Please leave the door open a little.,请把门留开一点。
558,The old tree died in the cold winter.,那棵老树在寒冷的冬天枯死了。
559,It does not matter how slowly you walk.,你走得多慢并不重要。
560,"Simply listen first, then decide.",先只是听，然后再决定。
561,The old system for sharing water needs one small repair.,这套老的水分配系统只需小修。
562,One simple question opened the whole door.,一个简单的问题打开了整扇门。
563,One point in the lesson still puzzles me.,课上还有一点我没想通。
564,She held the hand of the young child.,她牵着那个小孩的手。
565,There is hardly any space left in the room.,屋里几乎一点空地都没了。
566,The long queue moved slowly at the gate.,门口那条长队挪得很慢。
567,Do not lose your place in the long queue.,排队的时候别站错了位置。
568,The situation changed after the morning meeting.,早上的会开过之后，情况变了。
569,They lifted the heavy box over their heads.,他们把那只重箱子举过了头顶。
570,"Give me a bit of water, please.",请给我一点点水。
571,Intelligence grows with every hard question.,智力在每一个难题里慢慢长出来。
572,Water takes the form of ice in winter.,冬天水会结成冰。
573,We drink a glass of water before anything else.,吃别的之前我们先喝一杯水。
574,Every country keeps its own small quiet customs.,每个国家都守着自己的细小习俗。
575,Something went wrong with the morning plan.,早上的计划出了岔子。
576,Move the chair a little to the left.,把椅子往左边挪一点。
577,Hold the rope and pull together.,抓住绳子，一起拉。
578,Each generation teaches the next one patience.,每一代人都把耐心教给下一代。
579,Let us break the long silence with a small song.,咱们用一小段歌打破这阵漫长的沉默。
580,I sleep better when the room is dark.,房间黑下来的时候我睡得更香。
581,I left my keys somewhere near the gate.,我把钥匙落在门口附近某个地方了。
582,It is possible to finish it before evening.,天黑之前完成它是完全可能的。
583,The whole nation watched that long game.,全国都在看那场拖得很长的比赛。
584,Care for the young child as if she were yours.,把那个小孩当作自己的一样去疼。
585,Show me the photo you took this morning.,给我看看你今天早上拍的照片。
586,He handles every small problem without panic.,再小的问题他都能稳住，不慌。
587,There is no place like home after a long trip.,长途跋涉之后，没有哪里比得上家。
588,At the end of the long road the town appears.,长路的尽头，那座镇子就出现了。
589,Every society keeps its own quiet traditions.,每个社会都有自己安静的老传统。
590,It is hard to drive cattle down the wet road at dusk.,黄昏时赶着牛走湿路很难。
591,She gives attention to every single new word.,她对每个新词都很上心。
592,Be careful not to fall on the wet ground.,小心别在湿地上跌倒。
593,The small plane landed on the grassy land.,那架小飞机降在了草地上。
594,"The bag is light, yet it holds a lot.",这个袋子很轻，但装得不少。
595,One step at a time is enough for today.,今天一步一步走好就够了。
596,The high wall keeps the cold wind away.,高高的墙把冷风挡住了。
597,I am sure the train will come on time.,我确定火车会准时到。
598,She had a smile on her face all morning.,她整个上午脸上都带着笑。
599,The tree in the corner has been dead for years.,角落里那棵树已经枯死多年了。
600,They set a small table under the tree for the evening tea.,他们在树下摆了张小桌，准备晚上的茶。
601,Have you ever been to a village by the sea?,你曾经去过海边的一个村庄吗？
602,We had a fantastic time at the summer camp.,我们在夏令营玩得非常开心。
603,She seeks a quiet place to read every morning.,她每天早上都找一个安静的地方读书。
604,A bear walked slowly through the forest in the morning.,一只熊清晨慢慢地走过森林。
605,The shop gave us three choices for lunch.,这家店给我们提供了三种午餐选择。
606,Please write your name at the top of the page.,请在页面顶端写上你的名字。
607,His death last winter surprised the whole village.,他去年冬天的去世让全村都感到意外。
608,The river shows the power of moving water.,这条河展示了流动水体的力量。
609,I realize now that the work was not so hard.,我现在意识到那件事并没有那么难。
610,Small shops still exist on this busy street.,这条繁忙的街上还有小店铺存在。
611,Will you stand beside me in the group photo?,团体合影时你会站在我旁边吗？
612,He manages two small farms near the town.,他在镇附近经营两座小农场。
613,There are trees and flowers all around the old house.,老房子四周都有树和花。
614,Do not touch the wet paint on the wall.,别碰墙上还没干的漆。
615,Could you help me carry these boxes upstairs?,你能帮我把这些箱子搬到楼上吗？
616,It will probably rain before the evening walk.,傍晚散步前很可能会下雨。
617,She left her book on the small table by the window.,她把书落在窗边的小桌子上了。
618,"Unfortunately, the train was late again tonight.",不幸的是，今晚火车又晚点了。
619,The water in the well is clear and cold.,井里的水清澈又冰凉。
620,Stay here for a moment; I will bring a chair.,在这里待一会儿，我去拿把椅子。
621,The tallest tree does not reach the top of the wall.,最高的那棵树够不到墙顶。
622,Does your school allow phones in the classroom?,你们学校允许手机进教室吗？
623,My father can fix a broken chair in ten minutes.,我爸爸十分钟就能修好一把坏椅子。
624,Cut the cake into six pieces with a clean knife.,用干净的小刀把蛋糕切成六块。
625,The purpose of this long walk is to listen to the birds.,这次长走的目的只是听鸟叫。
626,"After the long rain, the whole garden looks alive again.",一场透雨之后，整座花园又活过来了。
627,"You cannot control the weather, but you can control your plan.",你控制不了天气，但能控制自己的计划。
628,They fight for the forest and the river they love.,他们为心爱的森林与河流而战。
629,The birds in the picture look free in the open sky.,画里的鸟在开阔的天空中显得很自由。
630,This program teaches children to read with pictures.,这个程序教孩子看图识字。
631,We waited at the small station for the night bus.,我们在小车站等夜班巴士。
632,The room above the shop is warm and quiet.,店上面那间屋子暖和又安静。
633,He finally told the truth about the missing money.,关于丢失的钱他最后说了实话。
634,Do not throw paper on the clean floor.,别把纸扔在干净的地上。
635,The population of this small town grows slowly every year.,这座小镇的人口每年缓慢增长。
636,Her grandfather drove a taxi in an indian city for years.,她祖父曾在印度的一座城市开多年出租车。
637,The company checked the water in every office kitchen.,公司检查了每个办公室厨房里的水。
638,We had a pleasant conversation on the long bus ride.,长途巴士上我们聊得很愉快。
639,I travel two hours to work every single day.,我每天要花两小时去上班。
640,The function of this small bell is to call the workers.,这只小铃铛的作用是叫工人。
641,The same room can act as a study and a guest room.,同一个房间可以当书房用，也可以当客房。
642,Her dream of a quiet garden came true last spring.,她想要一座安静花园的梦想去年春天实现了。
643,Villagers gather under the tree before the evening rain.,傍晚下雨前，村民们聚在树下。
644,You can hear the river anywhere in this old town.,在这座老城里，任何地方都能听见那条河。
645,Warm shoes are necessary for the long mountain walk.,走那段山路必须穿暖和的鞋。
646,We must decide today where to plant the new trees.,我们今天必须决定把新树种在哪里。
647,Her education began in a one-room school in the village.,她的教育从村子里只有一间房的学堂开始。
648,The long road seems shorter when you walk with a friend.,有朋友同行时，长长的路似乎变短了。
649,Children love to explore the small caves behind the waterfall.,孩子们喜欢去瀑布后面的小洞穴探险。
650,He gets up early to feed the animals before school.,他起床很早，上学前先把牲口喂了。
651,The quality of this honey is better than the one sold in the market.,这蜂蜜的质量比市场上卖的那种好。
652,Only thirty students passed the difficult exam this time.,这次只有三十名学生通过了那场难的考试。
653,Every person on this earth lives within some small valley.,地球上每个人都在某座小山谷里生活。
654,The spring high in the hills is the source of the river.,山上那个泉眼是这条河的源头。
655,"Especially after rain, the whole field smells of wet earth.",尤其是雨后，整片田野都有湿泥的味道。
656,The fact is that the old bridge opens only twice a year.,事实是那座老桥一年只开两次。
657,The falling branch hit the roof but broke nothing.,掉下来的树枝砸在屋顶上，什么也没坏。
658,The small child began to cry when the light went out.,灯灭时小孩哭了起来。
659,"The market sits at the center of the town, near the old bell tower.",市场就在城镇中心，靠近老钟楼。
660,Speak slowly so that I can write down every word.,你说慢一点，我好把每个词都记下来。
661,The whole village depends on this one well for water.,整村都靠这一口井取水。
662,Nobody in the village talks much about the future these days.,如今村里没多少人常谈未来。
663,The storm had a small impact on the harvest this year.,今年暴风雨对收成的影响不大。
664,This plant needs more water than the others in the room.,这株植物比屋里其他几株更需要水。
665,Will you share the last piece of bread with me?,你能把最后一片面包分给我吗？
666,Walk in the direction of the church and you will see the sea.,朝教堂那个方向走就能看见海。
667,Be careful not to drop the glass on the stone step.,小心别把玻璃杯掉在石头台阶上。
668,Every creature in the forest keeps its own quiet time.,林里每个生物都有自己的安静时刻。
669,It is safe to cross the road only where the lights turn green.,只在绿灯亮时过马路才安全。
670,The old bridge has a structure that can hold heavy trucks.,那座老桥的结构经得起卡车通行。
671,I study two pages of this book before the morning walk.,晨走前我先看两页这本书。
672,"The train ride was long, but the journey was worth it.",火车坐了很久，但这趟旅程值得。
673,Focus your attention on one thing and the work gets easier.,把注意力集中在一点上，活儿就轻松了。
674,There is not a single cloud in the sky this afternoon.,今天下午天上连一片云都没有。
675,You may refer to your notes during the first two minutes.,头两分钟你可以看笔记。
676,Pull the small rope and the bell will ring once.,拉一下那根细绳，铃就会响一声。
677,The new law stops trucks from driving through the village.,新法规禁止卡车穿村而过。
678,She felt a quiet joy when the garden bloomed again.,花园再次开花时，她心里有一种安静的喜悦。
679,Pick up the tools and put them back in the box.,把工具捡起来放回箱子里。
680,Push the door gently; it opens without a key.,轻轻推门，这门不用钥匙就能开。
681,Each old worker adds a little knowledge to the shared store.,每个老工人都为共同的知识库添一点。
682,Her family supported her decision to study foreign music.,家人支持她去学外国音乐的决定。
683,The dog may tear the old blanket if you leave it there.,你要是把旧毯子放那儿，狗可能会撕破它。
684,There is a small bird on the top of the old wall.,老墙顶上有一只小鸟。
685,Every misunderstanding is an opportunity to listen more carefully.,每次误会都是一个更认真倾听的机会。
686,The dry leaves burn quickly once the fire is lit.,火一点起来，干叶子烧得很快。
687,Only a few stones remain of that old temple.,那座古庙只剩几块石头了。
688,This type of soil grows the sweetest rice in the valley.,这种土长出的谷子是全谷最甜的。
689,I truly believe the long walk changed how he works.,我真的相信那场长走改变了他的做事方式。
690,The one rule of this game is simple: take turns.,这游戏只有一条简单规则：轮流来。
691,A single honest question can be more powerful than a long speech.,一个诚实的问句有时比长篇讲话更有力。
692,Draw a straight line from the old tree to the well.,从那棵老树到井口画一条直线。
693,The local government plans to repair the road before the rainy season.,当地政府打算在雨季前修路。
694,Half of the village came to the evening gathering.,村里一半的人都来参加晚上的聚会。
695,The shop keeps the best fruit at the front of the shelf.,店把最好的水果摆在货架最前面。
696,The natural light in this room changes with the afternoon.,这间屋子的自然光随下午慢慢变。
697,It is normal to feel tired after a long week of work.,忙了一整周后觉得累是正常的。
698,For many people the freedom to walk alone is the greatest joy.,对许多人来说，能独自散步就是最大的自由。
699,Follow the narrow path and it will lead you to the spring.,顺着那条窄路走，它会带你到泉边。
700,"Floods destroyed the fields, but the people stayed.",洪水冲毁了田地，但人还在。
701,The village sleeps quietly until the first bus passes at dawn.,天亮第一班巴士经过前，村庄一直安静地睡着。
702,Every small effort in the garden shows after a single season.,花园里每一点努力，一个季节后就能看见。
703,"We have no plan for tomorrow, and that is fine.",我们明天没什么计划，这也没关系。
704,His ability to remember faces is unusual among newcomers.,他记脸的能力在新人里很少见。
705,There was a significant drop in the number of visitors this year.,今年来访者显著减少了。
706,"Instead of buying new shoes, he repaired the old pair.",他没买新鞋，而是把旧的那双修了。
707,She keeps a small note of her inner thoughts every night.,她每晚记一小段自己的内心想法。
708,The bell will raise everyone before the morning work.,早晨开工前，钟会唤醒所有人。
709,I wake early when the rooster calls from the next farm.,隔壁农场公鸡一叫，我就早早醒了。
710,The joyful sound of children filled the whole courtyard.,孩子们的欢笑声填满了整个院子。
711,Believing the story without asking was a fool's mistake.,不加询问就信了那个故事，那是傻瓜才会犯的错。
712,He speaks about the past only when the old songs are sung.,只有唱起那些老歌时，他才谈起过去。
713,Walking forty kilometers alone sounded crazy to everyone at home.,在家听来，一个人走四十公里简直是疯了。
714,Send me a line when you reach the station.,你到车站时给我发一条短信。
715,The modern hospital is only a ten-minute ride from the old market.,现代化医院离那个老市场只有十分钟车程。
716,This small farm produces enough rice for the whole family.,这座小农场产的粮够全家吃。
717,I do not know how to deal with this sudden noise.,我不知道该怎么应对这阵突然的吵闹。
718,The simplest solution was to close the door and wait.,最简单的解决办法就是关上门等着。
719,What material is used for the roof of this old house?,这栋老房子的屋顶用的是什么材料？
720,The chemical in the water must be tested before the well is used.,这井水里的化学物质使用前必须检测。
721,The road to the next village is closed after heavy rain.,下雨后去邻村的路封了。
722,People here often describe her quiet personality with a smile.,这里的人常笑着说起她安静的个性。
723,There was a longing in his voice when he spoke of the sea.,他提到海时，声音里带着一种渴望。
724,We sat close to the fire until the stew was warm.,我们围着火坐，直到炖菜热了。
725,The air on this hill is cool and clean in the early morning.,清晨这山上的空气又凉又干净。
726,Nobody mentioned the broken gate when the inspector visited.,检查来时没人提起那扇坏掉的门。
727,One wish came true: the old well flows again.,一个愿望实现了：那口老井又出水了。
728,Do not enter the field before the corn is cut.,玉米没割完之前别进那块地。
729,"He was tired physically, but his mind stayed sharp.",他身体上累了，可思路依旧清楚。
730,One million visitors came to this valley during the long holiday.,长假期间有一百万游客来了这条山谷。
731,I appreciate the small kindness you showed my neighbour.,我很感激你对我邻居的那份小小善意。
732,The intensity of the sun made midday work impossible.,阳光太烈，中午根本没法干活。
733,Did you notice the old man sitting alone by the gate?,你注意到那个独自坐在门边老人了吗？
734,She lives alone in the small house behind the church.,她独自住在教堂后面那栋小屋里。
735,Nobody laughed at the old joke that evening.,那天晚上没人被那个老笑话逗笑。
736,There is still hope that the river will run clear again.,河水会重新变清，这事还有希望。
737,The group walked in twos along the narrow path.,那队人两人一组沿着窄路走。
738,His opinion on the new road was careful but clear.,他对新路的看法谨慎却清楚。
739,The success of the harvest belonged to the whole village.,收成的好要归功于全村。
740,"Count the days until the ferry comes, and the wait passes faster.",数着渡船来的日子，等起来就快些。
741,A devotee of the old songs kept the melody alive for years.,一位老歌的爱好者把这段旋律传了好些年。
742,I wonder how the old bell still rings after all these years.,我想知道这口老钟过了这么多年怎么还能响。
743,The long walk has shaped the way he thinks about work.,长期散步塑造了他面对工作的思维方式。
744,The basic rule of the kitchen is simple: wash before you cook.,厨房的基本规则就一条：先洗后做。
745,Can you figure the cost of the trip from this small list?,你能根据这张小清单算出旅行费用吗？
746,Please give me the correct number for the morning bus.,请给我早上那班巴士的正确车次。
747,The base of the old wall is wider than the top.,那面老墙的底比顶宽。
748,She does not live in this village anymore.,她不再住在这个村子里了。
749,His expression changed when the old song began.,老歌响起时，他的神情变了。
750,Try to view the long delay as part of the journey.,试着把这段延误看成旅程的一部分。
751,Walk forward along the shore until the path turns left.,沿着岸边向前走，直到路向左拐。
752,Tell me exactly how many boxes you carried.,告诉我你确切搬了多少个箱子。
753,One condition of the job is a three-month trial period.,这份工作有一个条件：三个月试用期。
754,The signal from the old bell tower rang clearly in the fog.,雾里那座老钟楼的钟声传得很清楚。
755,"The water here is dangerous after the storm, so stay back.",暴风雨后这里的水很危险，别靠近。
756,Do not shoot at the birds in the early morning light.,清晨的光里别朝那些鸟开枪。
757,We are considering a smaller boat for the river crossing.,我们在考虑换一艘更小的船摆渡。
758,The tradition of singing together began in this village long ago.,一起唱歌的传统在这个村子里很早就有。
759,Draw the hill with one straight line and you will see it.,用一条直线把那座山画出来，你就明白了。
760,She moved with the quiet grace of the river in the morning.,她走路的姿态，像清晨的河水一样安静优雅。
761,Follow the broken fence and you will find the old gate.,顺着坏掉的篱笆走，就能找到那道旧门。
762,The roots of this old tree hold the whole bank together.,这棵老树的根把整片河岸都稳住了。
763,An intelligent question saves hours of unnecessary work.,一个聪明的问句能省下几小时无用功。
764,He learned the instrument by listening to the evening songs.,他靠听晚间的曲子学会了那件乐器。
765,Before the party she checked her coat in the old mirror.,聚会前她在那面旧镜子里看了一下外套。
766,The little shop offers fresh bread only before eight.,那家小店只在八点前卖新鲜面包。
767,There was not one star above the noisy town that night.,那天夜里喧闹的上空一颗星星也没有。
768,They laugh at the same old story every time it is told.,这老故事每次讲起他们都会笑。
769,I dislike the long meeting that begins before sunrise.,我不喜欢那种天没亮就开始的长会。
770,This small boat belongs to the family at the end of the road.,这条小船属于路尽头那家人。
771,The pretty village on the hill looked larger in the evening light.,傍晚的光线里，山上那个漂亮的村子显得更大。
772,She organized the whole festival with the help of neighbours.,她在邻居帮助下把整场节庆组织了起来。
773,The market opens late on days when the road is wet.,路湿的那些天市场开得晚。
774,What trouble can a small delay bring to such a long trip?,这么长的旅程里，一点小延误能带来什么麻烦？
775,The plan developed from one evening talk under the tree.,这个方案是从树下一晚闲聊发展出来的。
776,The medical team stayed in the village for two more weeks.,医疗队在村里又多待了两周。
777,The old bridge is safe only when the river is low.,水浅时那座老桥才安全。
778,He lies under the wide tree until the heat passes.,他在那棵大树下躺着，直到暑气过去。
779,"This key opens the door easily, although it looks old.",这把钥匙虽然看着旧，却很容易把门打开。
780,Do not worry about the long road; we walk it together.,别担心那段长路，我们一起走。
781,It takes a whole morning to dig a small pool for the rain.,挖个小雨水池要花一整个上午。
782,The pleasantness of the morning made everyone stop and listen.,清晨的愉悦让所有人都停下脚步来听。
783,"The forest is quiet at noon, and the path is easy to follow.",森林正午很安静，路也好走。
784,She will marry the man who fixed her father's old tractor.,她要嫁给修好她父亲旧拖拉机的人。
785,"The rain stopped, but the work continued into the night.",雨停了，可活儿一直干到夜里。
786,The price includes the long ride and a simple meal.,这个价包含长途车程和一顿简单的饭。
787,"I do not fully understand the rule, so I will ask once more.",我没完全弄懂这条规则，所以再问一次。
788,The old well served the whole village before the tap was built.,水塔建成前，这口老井供全村用水。
789,He claims the field was his long before the road was cut.,他说这条路没开之前那片地就归他。
790,They established the school in a room behind the market.,他们在市场后面的一间房里办起了学校。
791,The child jumped over every puddle on the short way home.,回程那点路上，小孩每见到水坑就跳过去。
792,She breathed deeply before speaking to the large crowd.,面对一大群人之前，她深深吸了一口气。
793,He earns enough in one season to repair the whole roof.,他一个季度的收入就够修整整个屋顶。
794,The university library keeps the old maps of this valley.,那所大学的图书馆收着这条谷的老地图。
795,Two thousand people walked the long road that year.,那年有两千人走了那条长路。
796,The teacher addressed the small group before the morning work.,早上开工前老师对那群人说了几句话。
797,Every mistake in the report was written down and checked twice.,报告里每个错误都记下来核对了两遍。
798,The transaction was simple: bread for a handful of salt.,那笔交易很简单：用面包换一把盐。
799,The old song makes sense once you know the context of that year.,了解了那一年发生的事，这首歌就说得通了。
800,Check the rope before you climb the wet rock.,爬湿石头前先检查绳子。
801,This area receives less rain than the hills above it.,这个地区比它上面的山坡雨水少。
802,"The plan is small in scale, but it works for this village.",这方案规模不大，但对这个村管用。
803,The bell has hung here since the fifteenth century.,这口钟自十五世纪起就挂在这儿。
804,The first boats appeared long before the road was finished.,路还没修好，最早的船就出现了。
805,The number of visitors increased after the old bridge reopened.,老桥重新开放后，来访的人多了起来。
806,A useful map saves a whole afternoon of walking.,一张好用的地图能省掉一下午的冤枉路。
807,The temperature here drops sharply after sunset in winter.,冬天日落后这里的气温骤降。
808,The bus leaves at six or seven; either hour is fine for me.,巴士六点或七点开，哪个钟点我都可以。
809,"He did not study, and the consequence was a long summer of work.",他没读书，后果就是整个夏天都得干活。
810,"Feed the animals last, after the long field work is done.",干完一天的地活儿，最后再喂牲口。
811,"The hard ground hurt her feet, but she kept walking.",硬地硌得她脚疼，可她一直走。
812,Children fill the long winter with nothing but imagination.,漫长的冬天里孩子们只能靠想象打发。
813,One complete day of rest makes the next week easier.,整整休息一天，下一周就轻松些。
814,The old pictures express a calm that words cannot reach.,那些老画表达出语言到不了的宁静。
815,The well was nearly dry before the rain came.,雨来之前井几乎见底了。
816,The most interesting thing was the silence between the songs.,最有意思的是那些歌与歌之间的安静。
817,The small team wants to win the long race on a rainy afternoon.,那个小队想在雨天下午赢下那场长跑。
818,The political meeting filled the room behind the market.,市场后面那间屋子挤满了来开会的人。
819,We searched the whole field for the lost keys before dark.,天黑前我们把整块地都找遍了，找那串钥匙。
820,The old village had almost no crime before the road was cut.,路修通之前这个村子几乎没有犯罪。
821,The low bridge is closed whenever the river runs high.,水位一涨，那座矮桥就封了。
822,"We expected the bus, but it came twice as late.",我们本来在等巴士，可它晚了一倍才到。
823,The local guide walked with us for the whole valley.,当地向导陪我们走完了整条谷。
824,Mark the ferry days on the calendar before the rain begins.,下雨前把渡船的日子标在日历上。
825,"Sorry to bother you, but the gate is still shut.",抱歉打扰一下，可是那扇门还锁着。
826,"The old songs stay with him forever, even far from home.",那些老歌永远跟着他，哪怕远离家乡。
827,Explain the long rule in one short sentence and we will follow it.,用一句话把那条规定说清，我们就照做。
828,The design of this small boat is old but still perfect here.,这条小船的设计很老，但在这里依然合用。
829,We climbed the hill slowly to see the whole valley at once.,我们慢慢爬上山坡，好一次看尽整条谷。
830,The straight road looks longer than the narrow path beside it.,那条笔直的路比旁边的窄路看着更长。
831,They train the young horses for two years before the long trip.,长途出行之前他们要先把小马驯两年。
832,Every seeker in that room asked the same simple question.,屋里每个寻求者都问了同一个简单问题。
833,The old picture shows the bridge before the flood.,那张老照片拍的是洪灾之前的桥。
834,The rice smells sweet from the field where it was dried.,晒谷场上那批米闻着是甜的。
835,It is a wise choice to rest before the long climb.,长爬之前先休息是明智的选择。
836,Compare the two samples and you will see the difference at once.,把两份样品一比，差别立刻就看出来了。
837,Prepare the long rope tonight; the ferry leaves at dawn.,今晚把长绳子准备好，渡船天亮就走。
838,The beauty of this valley is hard to describe in a few words.,这条谷的美很难用几句话讲清。
839,The scientific name of this plant appears on the old label.,这株植物的学名印在那张旧标签上。
840,The daily walk along the river is part of his routine now.,每天沿河散步如今已是他的日常。
841,A common misunderstanding delayed the whole plan by a week.,一个常见的误会把整盘计划拖了一周。
842,The kid fell asleep during the long speech in the square.,广场上那个小孩听长讲话听得睡着了。
843,It is two kilometers from the last house to the school.,从最后那户人家到学校有两公里。
844,The old song became popular again after the festival.,节庆之后那首老歌又流行起来。
845,The wind from the south brought the rain before evening.,南风在傍晚前把雨带来了。
846,Avoid the long road on days when the bridge is shut.,桥封的那些天别走那条长路。
847,The trip to the far village took the whole morning.,去那个远村的一趟路花了整个上午。
848,The peaceful valley kept its silence through the long summer.,那条宁静的山谷整个夏天都保着它的安静。
849,"The old mode of travel was walking, and it still works here.",过去出行靠走，这种方式在这里依旧管用。
850,This wet season gave the field a chance to rest.,这雨季让那块地有了歇一歇的机会。
851,Think differently and the long wait becomes a slow walk.,换个思路想，这段漫长的等待就成了慢走。
852,The mechanism of the old pump needs only a small repair.,那台旧抽水机的机构只需小修。
853,The unpleasant smell came from the water behind the village.,那股难闻的味道是从村后那片水里来的。
854,The old worker's wisdom showed in one short sentence.,那位老工人的智慧就体现在一句话里。
855,This method of drying rice takes one extra week.,这种晒谷的方法要多花一周。
856,The cost of the mistake was a whole season of work.,那个错误的代价是一整个季节的活儿。
857,We drink fresh water only from the spring above the village.,我们只喝村上那个泉里的新鲜水。
858,The old kingdom kept its rules long after the road arrived.,路修进来之后，那个旧王国还守着它的规矩很久。
859,"The product is simple: salt from the lake, packed by hand.",这产品很简单：湖盐，手工装袋。
860,He recently opened a small shop next to the old well.,他最近在老井旁开了一家小店。
861,The couple walked the whole shore every evening for years.,那对夫妇连着多年每天傍晚走完整条海岸。
862,Finishing the work before the rain seemed impossible last night.,昨晚看来要在雨前干完根本不可能。
863,"Dear friend, the long road is lighter when you write.",亲爱的朋友，你一写信，漫长的路就轻了。
864,The price of the boat doubled after the storm damage.,那船被风暴损毁之后，价格翻了一倍。
865,The old trap near the river still catches wild fish.,河边那个旧陷阱仍能捉到野鱼。
866,"She smiled before she spoke, and the room grew quiet.",她先笑了一下才开口，屋里就安静下来。
867,The guard left the gun outside the old temple door.,守卫把枪留在那座古庙门外。
868,They achieved more in one season than in the whole last year.,一个季节干完的活儿比去年全年还多。
869,The middle bus stop is the only shelter for miles.,中间那个站是好几英里内唯一的避雨处。
870,Few trees survived the long drought in this area.,这片区域里没几棵树熬过那个长旱。
871,The old group will perform at dawn by the river.,那支老乐队会在河边天亮时表演。
872,The old bridge limits the speed of every car that crosses.,那座老桥限制了所有过桥车的速度。
873,The wild horses came down to the water every evening.,那些野马每天傍晚都会下来饮水。
874,Every small detail of the old wall was drawn by hand.,那面老墙的每个细节都是手绘的。
875,The insect on the window was smaller than a coin.,窗上那只昆虫比硬币还小。
876,The atom in this old textbook is drawn far too large.,这本老课本里的原子画得太大了。
877,"The ring was made of a mixed metal, not gold.",那只戒指是合金做的，不是黄金。
878,We must replace the rope before the next long climb.,下次长爬之前得把绳子换掉。
879,The whole village came out to welcome the late bus.,全村人都出来欢迎那班迟到的巴士。
880,The old bell reminds everyone that the work starts at dawn.,那口老钟提醒大家，活儿天亮就开始。
881,He took a quiet interest in the old maps of the valley.,他对方位那条谷的老地图很有兴趣。
882,"Her strength came from the long walks, not from the food.",她的力气来自长期散步，不是来自吃的。
883,We received the letters only after the road reopened.,路重新通了之后我们才收到信。
884,"Fortunately, the rain stopped before the long field work began.",幸好活儿开始时雨就停了。
885,He accepted the small job without asking for more.,他接下了那份小活儿，没再多加要求。
886,The voice from the loudspeaker woke the whole street.,喇叭里的声音把整条街都吵醒了。
887,"For convenience, the shop opens early on market days.",为图方便，集市那天店开得早。
888,Only one person can operate this old machine.,这台旧机器只有一个人会操作。
889,The old tree represents the whole history of the village.,那棵老树代表着整个村子的一段历史。
890,An enormous shadow fell across the field at sunset.,日落时一道巨大的影子横过整片田。
891,The old coat is comfortable but too long for the night walk.,这件旧外套很舒服，但夜路穿太长。
892,His commitment to the long walk showed in the first week.,第一周就看得出他对长跑的承诺。
893,The ancient well still supplies the whole street with water.,那口古井至今还供整条街用水。
894,Please give one specific example from the long meeting.,请从那次长会上举一个具体的例子。
895,The effect of the medicine appeared only after a long hour.,药的效果过了一个小时才出来。
896,A thin line of blood appeared on his hand after the fall.,摔了一跤之后他手上出现了一道血痕。
897,It was extremely cold at the top of the hill before sunrise.,日出前山顶上极其寒冷。
898,The elephant walked slowly along the road to the village.,那头大象沿着通村的路慢慢走。
899,The house stood empty for a whole year after the road came.,路修通之后那栋房子空了一整年。
900,The old dog will bite only if you pull its tail.,那只老狗只有你拉它尾巴才咬人。
