seq,word,type,subject_en,suffix,negative,full_prompt
548,understand,person,"a simple cute cartoon child figure with minimal simplified face, round head, small body, bright clothing, with a glowing lightbulb appearing above the head, realization pose, expressing understanding","flat vector illustration, cute cartoon style, bold black outlines, vibrant colors, simple shapes, children's flashcard art, single object centered, pure white background, no text, no letters, no words","photo, realistic, 3d render, blurry, low quality, deformed, watermark, signature, text, letters, words, writing, caption, busy background, dark background, gradient background, gray, oversaturated, neon","a simple cute cartoon child figure with minimal simplified face, round head, small body, bright clothing, with a glowing lightbulb appearing above the head, realization pose, expressing understanding, flat vector illustration, cute cartoon style, bold black outlines, vibrant colors, simple shapes, children's flashcard art, single object centered, pure white background, no text, no letters, no words"
44,idea,person,"a simple cute cartoon child figure with minimal simplified face, round head, small body, bright clothing, holding a small glowing bulb in both hands, eyes wide with an idea","flat vector illustration, cute cartoon style, bold black outlines, vibrant colors, simple shapes, children's flashcard art, single object centered, pure white background, no text, no letters, no words","photo, realistic, 3d render, blurry, low quality, deformed, watermark, signature, text, letters, words, writing, caption, busy background, dark background, gradient background, gray, oversaturated, neon","a simple cute cartoon child figure with minimal simplified face, round head, small body, bright clothing, holding a small glowing bulb in both hands, eyes wide with an idea, flat vector illustration, cute cartoon style, bold black outlines, vibrant colors, simple shapes, children's flashcard art, single object centered, pure white background, no text, no letters, no words"
11,ask,person,"a simple cute cartoon child figure with minimal simplified face, round head, small body, bright clothing, with one hand raised and head tilted up, questioning pose, expressing asking","flat vector illustration, cute cartoon style, bold black outlines, vibrant colors, simple shapes, children's flashcard art, single object centered, pure white background, no text, no letters, no words","photo, realistic, 3d render, blurry, low quality, deformed, watermark, signature, text, letters, words, writing, caption, busy background, dark background, gradient background, gray, oversaturated, neon","a simple cute cartoon child figure with minimal simplified face, round head, small body, bright clothing, with one hand raised and head tilted up, questioning pose, expressing asking, flat vector illustration, cute cartoon style, bold black outlines, vibrant colors, simple shapes, children's flashcard art, single object centered, pure white background, no text, no letters, no words"
550,feel,person,"a simple cute cartoon child figure with minimal simplified face, round head, small body, bright clothing, hand placed on chest, head slightly bowed, sensing something inside","flat vector illustration, cute cartoon style, bold black outlines, vibrant colors, simple shapes, children's flashcard art, single object centered, pure white background, no text, no letters, no words","photo, realistic, 3d render, blurry, low quality, deformed, watermark, signature, text, letters, words, writing, caption, busy background, dark background, gradient background, gray, oversaturated, neon","a simple cute cartoon child figure with minimal simplified face, round head, small body, bright clothing, hand placed on chest, head slightly bowed, sensing something inside, flat vector illustration, cute cartoon style, bold black outlines, vibrant colors, simple shapes, children's flashcard art, single object centered, pure white background, no text, no letters, no words"
1482,emotion,person,"a simple cute cartoon child figure with minimal simplified face, round head, small body, bright clothing, colorful swirls circling the chest, expressing emotion","flat vector illustration, cute cartoon style, bold black outlines, vibrant colors, simple shapes, children's flashcard art, single object centered, pure white background, no text, no letters, no words","photo, realistic, 3d render, blurry, low quality, deformed, watermark, signature, text, letters, words, writing, caption, busy background, dark background, gradient background, gray, oversaturated, neon","a simple cute cartoon child figure with minimal simplified face, round head, small body, bright clothing, colorful swirls circling the chest, expressing emotion, flat vector illustration, cute cartoon style, bold black outlines, vibrant colors, simple shapes, children's flashcard art, single object centered, pure white background, no text, no letters, no words"
1480,sense,person,"a simple cute cartoon child figure with minimal simplified face, round head, small body, bright clothing, fingertips gently touching a small flower, delicate sensing","flat vector illustration, cute cartoon style, bold black outlines, vibrant colors, simple shapes, children's flashcard art, single object centered, pure white background, no text, no letters, no words","photo, realistic, 3d render, blurry, low quality, deformed, watermark, signature, text, letters, words, writing, caption, busy background, dark background, gradient background, gray, oversaturated, neon","a simple cute cartoon child figure with minimal simplified face, round head, small body, bright clothing, fingertips gently touching a small flower, delicate sensing, flat vector illustration, cute cartoon style, bold black outlines, vibrant colors, simple shapes, children's flashcard art, single object centered, pure white background, no text, no letters, no words"
210,thinking,person,"a simple cute cartoon child figure with minimal simplified face, round head, small body, bright clothing, chin resting on one hand, eyes looking up, thinking pose","flat vector illustration, cute cartoon style, bold black outlines, vibrant colors, simple shapes, children's flashcard art, single object centered, pure white background, no text, no letters, no words","photo, realistic, 3d render, blurry, low quality, deformed, watermark, signature, text, letters, words, writing, caption, busy background, dark background, gradient background, gray, oversaturated, neon","a simple cute cartoon child figure with minimal simplified face, round head, small body, bright clothing, chin resting on one hand, eyes looking up, thinking pose, flat vector illustration, cute cartoon style, bold black outlines, vibrant colors, simple shapes, children's flashcard art, single object centered, pure white background, no text, no letters, no words"
38,grow,person,"a simple cute cartoon child figure with minimal simplified face, round head, small body, bright clothing, standing and stretching upward, arms lifted, growing","flat vector illustration, cute cartoon style, bold black outlines, vibrant colors, simple shapes, children's flashcard art, single object centered, pure white background, no text, no letters, no words","photo, realistic, 3d render, blurry, low quality, deformed, watermark, signature, text, letters, words, writing, caption, busy background, dark background, gradient background, gray, oversaturated, neon","a simple cute cartoon child figure with minimal simplified face, round head, small body, bright clothing, standing and stretching upward, arms lifted, growing, flat vector illustration, cute cartoon style, bold black outlines, vibrant colors, simple shapes, children's flashcard art, single object centered, pure white background, no text, no letters, no words"
12,love,object,"a big red heart with glossy highlight, simple shape","flat vector illustration, cute cartoon style, bold black outlines, vibrant colors, simple shapes, children's flashcard art, single object centered, pure white background, no text, no letters, no words","photo, realistic, 3d render, blurry, low quality, deformed, watermark, signature, text, letters, words, writing, caption, busy background, dark background, gradient background, gray, oversaturated, neon","a big red heart with glossy highlight, simple shape, flat vector illustration, cute cartoon style, bold black outlines, vibrant colors, simple shapes, children's flashcard art, single object centered, pure white background, no text, no letters, no words"
539,good,object,a green checkmark badge on a round white sticker,"flat vector illustration, cute cartoon style, bold black outlines, vibrant colors, simple shapes, children's flashcard art, single object centered, pure white background, no text, no letters, no words","photo, realistic, 3d render, blurry, low quality, deformed, watermark, signature, text, letters, words, writing, caption, busy background, dark background, gradient background, gray, oversaturated, neon","a green checkmark badge on a round white sticker, flat vector illustration, cute cartoon style, bold black outlines, vibrant colors, simple shapes, children's flashcard art, single object centered, pure white background, no text, no letters, no words"
36,bad,object,"a dark gray cloud with rain drops, simple flat shape","flat vector illustration, cute cartoon style, bold black outlines, vibrant colors, simple shapes, children's flashcard art, single object centered, pure white background, no text, no letters, no words","photo, realistic, 3d render, blurry, low quality, deformed, watermark, signature, text, letters, words, writing, caption, busy background, dark background, gradient background, gray, oversaturated, neon","a dark gray cloud with rain drops, simple flat shape, flat vector illustration, cute cartoon style, bold black outlines, vibrant colors, simple shapes, children's flashcard art, single object centered, pure white background, no text, no letters, no words"
19,big,object,"a cute cartoon elephant standing in full side view, large rounded body","flat vector illustration, cute cartoon style, bold black outlines, vibrant colors, simple shapes, children's flashcard art, single object centered, pure white background, no text, no letters, no words","photo, realistic, 3d render, blurry, low quality, deformed, watermark, signature, text, letters, words, writing, caption, busy background, dark background, gradient background, gray, oversaturated, neon","a cute cartoon elephant standing in full side view, large rounded body, flat vector illustration, cute cartoon style, bold black outlines, vibrant colors, simple shapes, children's flashcard art, single object centered, pure white background, no text, no letters, no words"
41,small,object,"a small ladybug with red shell and black spots, tiny round body","flat vector illustration, cute cartoon style, bold black outlines, vibrant colors, simple shapes, children's flashcard art, single object centered, pure white background, no text, no letters, no words","photo, realistic, 3d render, blurry, low quality, deformed, watermark, signature, text, letters, words, writing, caption, busy background, dark background, gradient background, gray, oversaturated, neon","a small ladybug with red shell and black spots, tiny round body, flat vector illustration, cute cartoon style, bold black outlines, vibrant colors, simple shapes, children's flashcard art, single object centered, pure white background, no text, no letters, no words"
5,world,object,"a blue and green globe with simple continent shapes, on a white background","flat vector illustration, cute cartoon style, bold black outlines, vibrant colors, simple shapes, children's flashcard art, single object centered, pure white background, no text, no letters, no words","photo, realistic, 3d render, blurry, low quality, deformed, watermark, signature, text, letters, words, writing, caption, busy background, dark background, gradient background, gray, oversaturated, neon","a blue and green globe with simple continent shapes, on a white background, flat vector illustration, cute cartoon style, bold black outlines, vibrant colors, simple shapes, children's flashcard art, single object centered, pure white background, no text, no letters, no words"
553,planet,object,a simple ringed planet with small stars around it,"flat vector illustration, cute cartoon style, bold black outlines, vibrant colors, simple shapes, children's flashcard art, single object centered, pure white background, no text, no letters, no words","photo, realistic, 3d render, blurry, low quality, deformed, watermark, signature, text, letters, words, writing, caption, busy background, dark background, gradient background, gray, oversaturated, neon","a simple ringed planet with small stars around it, flat vector illustration, cute cartoon style, bold black outlines, vibrant colors, simple shapes, children's flashcard art, single object centered, pure white background, no text, no letters, no words"
574,country,object,"a small house with a flag on the roof, simple flat design","flat vector illustration, cute cartoon style, bold black outlines, vibrant colors, simple shapes, children's flashcard art, single object centered, pure white background, no text, no letters, no words","photo, realistic, 3d render, blurry, low quality, deformed, watermark, signature, text, letters, words, writing, caption, busy background, dark background, gradient background, gray, oversaturated, neon","a small house with a flag on the roof, simple flat design, flat vector illustration, cute cartoon style, bold black outlines, vibrant colors, simple shapes, children's flashcard art, single object centered, pure white background, no text, no letters, no words"
9,different,object,"a red circle and a blue square placed side by side, equal size","flat vector illustration, cute cartoon style, bold black outlines, vibrant colors, simple shapes, children's flashcard art, single object centered, pure white background, no text, no letters, no words","photo, realistic, 3d render, blurry, low quality, deformed, watermark, signature, text, letters, words, writing, caption, busy background, dark background, gradient background, gray, oversaturated, neon","a red circle and a blue square placed side by side, equal size, flat vector illustration, cute cartoon style, bold black outlines, vibrant colors, simple shapes, children's flashcard art, single object centered, pure white background, no text, no letters, no words"
2814,equal,object,two identical yellow circles placed side by side,"flat vector illustration, cute cartoon style, bold black outlines, vibrant colors, simple shapes, children's flashcard art, single object centered, pure white background, no text, no letters, no words","photo, realistic, 3d render, blurry, low quality, deformed, watermark, signature, text, letters, words, writing, caption, busy background, dark background, gradient background, gray, oversaturated, neon","two identical yellow circles placed side by side, flat vector illustration, cute cartoon style, bold black outlines, vibrant colors, simple shapes, children's flashcard art, single object centered, pure white background, no text, no letters, no words"
1930,excess,object,"a cup filled past the brim, water spilling over the sides","flat vector illustration, cute cartoon style, bold black outlines, vibrant colors, simple shapes, children's flashcard art, single object centered, pure white background, no text, no letters, no words","photo, realistic, 3d render, blurry, low quality, deformed, watermark, signature, text, letters, words, writing, caption, busy background, dark background, gradient background, gray, oversaturated, neon","a cup filled past the brim, water spilling over the sides, flat vector illustration, cute cartoon style, bold black outlines, vibrant colors, simple shapes, children's flashcard art, single object centered, pure white background, no text, no letters, no words"
2095,sufficient,object,"a cup filled exactly to the brim, no spill, steady","flat vector illustration, cute cartoon style, bold black outlines, vibrant colors, simple shapes, children's flashcard art, single object centered, pure white background, no text, no letters, no words","photo, realistic, 3d render, blurry, low quality, deformed, watermark, signature, text, letters, words, writing, caption, busy background, dark background, gradient background, gray, oversaturated, neon","a cup filled exactly to the brim, no spill, steady, flat vector illustration, cute cartoon style, bold black outlines, vibrant colors, simple shapes, children's flashcard art, single object centered, pure white background, no text, no letters, no words"
543,talk,person,"a simple cute cartoon child figure with minimal simplified face, round head, sound wave lines near the mouth, casual standing pose, talking","flat vector illustration, cute cartoon style, bold black outlines, vibrant colors, simple shapes, children's flashcard art, single object centered, pure white background, no text, no letters, no words","photo, realistic, 3d render, blurry, low quality, deformed, watermark, signature, text, letters, words, writing, caption, busy background, dark background, gradient background, gray, oversaturated, neon","a simple cute cartoon child figure with minimal simplified face, round head, sound wave lines near the mouth, casual standing pose, talking, flat vector illustration, cute cartoon style, bold black outlines, vibrant colors, simple shapes, children's flashcard art, single object centered, pure white background, no text, no letters, no words"
33,speak,person,"a simple cute cartoon child figure with minimal simplified face, round head, standing behind a tiny podium, hands on the desk, speaking formally","flat vector illustration, cute cartoon style, bold black outlines, vibrant colors, simple shapes, children's flashcard art, single object centered, pure white background, no text, no letters, no words","photo, realistic, 3d render, blurry, low quality, deformed, watermark, signature, text, letters, words, writing, caption, busy background, dark background, gradient background, gray, oversaturated, neon","a simple cute cartoon child figure with minimal simplified face, round head, standing behind a tiny podium, hands on the desk, speaking formally, flat vector illustration, cute cartoon style, bold black outlines, vibrant colors, simple shapes, children's flashcard art, single object centered, pure white background, no text, no letters, no words"
117,listen,person,"a simple cute cartoon child figure with minimal simplified face, round head, small body, bright clothing, hand cupped behind the ear, head turned to one side, listening","flat vector illustration, cute cartoon style, bold black outlines, vibrant colors, simple shapes, children's flashcard art, single object centered, pure white background, no text, no letters, no words","photo, realistic, 3d render, blurry, low quality, deformed, watermark, signature, text, letters, words, writing, caption, busy background, dark background, gradient background, gray, oversaturated, neon","a simple cute cartoon child figure with minimal simplified face, round head, small body, bright clothing, hand cupped behind the ear, head turned to one side, listening, flat vector illustration, cute cartoon style, bold black outlines, vibrant colors, simple shapes, children's flashcard art, single object centered, pure white background, no text, no letters, no words"
615,help,person,"a simple cute cartoon child figure with minimal simplified face, round head, small body, bright clothing, helping another small figure across a puddle, two figures together","flat vector illustration, cute cartoon style, bold black outlines, vibrant colors, simple shapes, children's flashcard art, single object centered, pure white background, no text, no letters, no words","photo, realistic, 3d render, blurry, low quality, deformed, watermark, signature, text, letters, words, writing, caption, busy background, dark background, gradient background, gray, oversaturated, neon","a simple cute cartoon child figure with minimal simplified face, round head, small body, bright clothing, helping another small figure across a puddle, two figures together, flat vector illustration, cute cartoon style, bold black outlines, vibrant colors, simple shapes, children's flashcard art, single object centered, pure white background, no text, no letters, no words"
698,freedom,person,"a simple cute cartoon child figure with minimal simplified face, round head, small body, bright clothing, arms wide open, standing on a hilltop, free and open","flat vector illustration, cute cartoon style, bold black outlines, vibrant colors, simple shapes, children's flashcard art, single object centered, pure white background, no text, no letters, no words","photo, realistic, 3d render, blurry, low quality, deformed, watermark, signature, text, letters, words, writing, caption, busy background, dark background, gradient background, gray, oversaturated, neon","a simple cute cartoon child figure with minimal simplified face, round head, small body, bright clothing, arms wide open, standing on a hilltop, free and open, flat vector illustration, cute cartoon style, bold black outlines, vibrant colors, simple shapes, children's flashcard art, single object centered, pure white background, no text, no letters, no words"
1488,fear,person,"a simple cute cartoon child figure with minimal simplified face, round head, small body, bright clothing, hugging knees, small curled posture, timid expression through posture","flat vector illustration, cute cartoon style, bold black outlines, vibrant colors, simple shapes, children's flashcard art, single object centered, pure white background, no text, no letters, no words","photo, realistic, 3d render, blurry, low quality, deformed, watermark, signature, text, letters, words, writing, caption, busy background, dark background, gradient background, gray, oversaturated, neon","a simple cute cartoon child figure with minimal simplified face, round head, small body, bright clothing, hugging knees, small curled posture, timid expression through posture, flat vector illustration, cute cartoon style, bold black outlines, vibrant colors, simple shapes, children's flashcard art, single object centered, pure white background, no text, no letters, no words"
678,joy,person,"a simple cute cartoon child figure with minimal simplified face, round head, small body, bright clothing, jumping with both arms up, small confetti","flat vector illustration, cute cartoon style, bold black outlines, vibrant colors, simple shapes, children's flashcard art, single object centered, pure white background, no text, no letters, no words","photo, realistic, 3d render, blurry, low quality, deformed, watermark, signature, text, letters, words, writing, caption, busy background, dark background, gradient background, gray, oversaturated, neon","a simple cute cartoon child figure with minimal simplified face, round head, small body, bright clothing, jumping with both arms up, small confetti, flat vector illustration, cute cartoon style, bold black outlines, vibrant colors, simple shapes, children's flashcard art, single object centered, pure white background, no text, no letters, no words"
2,life,object,"a single green seed sprouting into a small flowering plant, four equal stages shown left to right","flat vector illustration, cute cartoon style, bold black outlines, vibrant colors, simple shapes, children's flashcard art, single object centered, pure white background, no text, no letters, no words","photo, realistic, 3d render, blurry, low quality, deformed, watermark, signature, text, letters, words, writing, caption, busy background, dark background, gradient background, gray, oversaturated, neon","a single green seed sprouting into a small flowering plant, four equal stages shown left to right, flat vector illustration, cute cartoon style, bold black outlines, vibrant colors, simple shapes, children's flashcard art, single object centered, pure white background, no text, no letters, no words"
22,moment,object,"a simple analog clock face with two hands, no numbers, clean round frame","flat vector illustration, cute cartoon style, bold black outlines, vibrant colors, simple shapes, children's flashcard art, single object centered, pure white background, no text, no letters, no words","photo, realistic, 3d render, blurry, low quality, deformed, watermark, signature, text, letters, words, writing, caption, busy background, dark background, gradient background, gray, oversaturated, neon","a simple analog clock face with two hands, no numbers, clean round frame, flat vector illustration, cute cartoon style, bold black outlines, vibrant colors, simple shapes, children's flashcard art, single object centered, pure white background, no text, no letters, no words"
594,light,object,"a warm yellow sun with simple rays, flat vector","flat vector illustration, cute cartoon style, bold black outlines, vibrant colors, simple shapes, children's flashcard art, single object centered, pure white background, no text, no letters, no words","photo, realistic, 3d render, blurry, low quality, deformed, watermark, signature, text, letters, words, writing, caption, busy background, dark background, gradient background, gray, oversaturated, neon","a warm yellow sun with simple rays, flat vector, flat vector illustration, cute cartoon style, bold black outlines, vibrant colors, simple shapes, children's flashcard art, single object centered, pure white background, no text, no letters, no words"
263,dark,object,"a deep blue night sky with a single crescent moon, no stars overlapping","flat vector illustration, cute cartoon style, bold black outlines, vibrant colors, simple shapes, children's flashcard art, single object centered, pure white background, no text, no letters, no words","photo, realistic, 3d render, blurry, low quality, deformed, watermark, signature, text, letters, words, writing, caption, busy background, dark background, gradient background, gray, oversaturated, neon","a deep blue night sky with a single crescent moon, no stars overlapping, flat vector illustration, cute cartoon style, bold black outlines, vibrant colors, simple shapes, children's flashcard art, single object centered, pure white background, no text, no letters, no words"
27,food,object,"a simple plate with a sandwich, an apple and a glass of milk, arranged in a row","flat vector illustration, cute cartoon style, bold black outlines, vibrant colors, simple shapes, children's flashcard art, single object centered, pure white background, no text, no letters, no words","photo, realistic, 3d render, blurry, low quality, deformed, watermark, signature, text, letters, words, writing, caption, busy background, dark background, gradient background, gray, oversaturated, neon","a simple plate with a sandwich, an apple and a glass of milk, arranged in a row, flat vector illustration, cute cartoon style, bold black outlines, vibrant colors, simple shapes, children's flashcard art, single object centered, pure white background, no text, no letters, no words"
573,water,object,a simple glass of clear water with ripples on the surface,"flat vector illustration, cute cartoon style, bold black outlines, vibrant colors, simple shapes, children's flashcard art, single object centered, pure white background, no text, no letters, no words","photo, realistic, 3d render, blurry, low quality, deformed, watermark, signature, text, letters, words, writing, caption, busy background, dark background, gradient background, gray, oversaturated, neon","a simple glass of clear water with ripples on the surface, flat vector illustration, cute cartoon style, bold black outlines, vibrant colors, simple shapes, children's flashcard art, single object centered, pure white background, no text, no letters, no words"
724,fire,object,a simple orange flame with soft inner yellow core,"flat vector illustration, cute cartoon style, bold black outlines, vibrant colors, simple shapes, children's flashcard art, single object centered, pure white background, no text, no letters, no words","photo, realistic, 3d render, blurry, low quality, deformed, watermark, signature, text, letters, words, writing, caption, busy background, dark background, gradient background, gray, oversaturated, neon","a simple orange flame with soft inner yellow core, flat vector illustration, cute cartoon style, bold black outlines, vibrant colors, simple shapes, children's flashcard art, single object centered, pure white background, no text, no letters, no words"
83,house,object,a simple cartoon house with a chimney and a round window,"flat vector illustration, cute cartoon style, bold black outlines, vibrant colors, simple shapes, children's flashcard art, single object centered, pure white background, no text, no letters, no words","photo, realistic, 3d render, blurry, low quality, deformed, watermark, signature, text, letters, words, writing, caption, busy background, dark background, gradient background, gray, oversaturated, neon","a simple cartoon house with a chimney and a round window, flat vector illustration, cute cartoon style, bold black outlines, vibrant colors, simple shapes, children's flashcard art, single object centered, pure white background, no text, no letters, no words"
79,school,object,a simple cartoon school building with three windows and a flagpole,"flat vector illustration, cute cartoon style, bold black outlines, vibrant colors, simple shapes, children's flashcard art, single object centered, pure white background, no text, no letters, no words","photo, realistic, 3d render, blurry, low quality, deformed, watermark, signature, text, letters, words, writing, caption, busy background, dark background, gradient background, gray, oversaturated, neon","a simple cartoon school building with three windows and a flagpole, flat vector illustration, cute cartoon style, bold black outlines, vibrant colors, simple shapes, children's flashcard art, single object centered, pure white background, no text, no letters, no words"
96,money,object,"two simple paper bills with a small coin, flat colors","flat vector illustration, cute cartoon style, bold black outlines, vibrant colors, simple shapes, children's flashcard art, single object centered, pure white background, no text, no letters, no words","photo, realistic, 3d render, blurry, low quality, deformed, watermark, signature, text, letters, words, writing, caption, busy background, dark background, gradient background, gray, oversaturated, neon","two simple paper bills with a small coin, flat colors, flat vector illustration, cute cartoon style, bold black outlines, vibrant colors, simple shapes, children's flashcard art, single object centered, pure white background, no text, no letters, no words"
52,health,object,a simple red cross on a white rounded badge,"flat vector illustration, cute cartoon style, bold black outlines, vibrant colors, simple shapes, children's flashcard art, single object centered, pure white background, no text, no letters, no words","photo, realistic, 3d render, blurry, low quality, deformed, watermark, signature, text, letters, words, writing, caption, busy background, dark background, gradient background, gray, oversaturated, neon","a simple red cross on a white rounded badge, flat vector illustration, cute cartoon style, bold black outlines, vibrant colors, simple shapes, children's flashcard art, single object centered, pure white background, no text, no letters, no words"
259,peace,object,"a plain white pigeon holding an olive branch, simple shape","flat vector illustration, cute cartoon style, bold black outlines, vibrant colors, simple shapes, children's flashcard art, single object centered, pure white background, no text, no letters, no words","photo, realistic, 3d render, blurry, low quality, deformed, watermark, signature, text, letters, words, writing, caption, busy background, dark background, gradient background, gray, oversaturated, neon","a plain white pigeon holding an olive branch, simple shape, flat vector illustration, cute cartoon style, bold black outlines, vibrant colors, simple shapes, children's flashcard art, single object centered, pure white background, no text, no letters, no words"
8,work,person,"a simple cute cartoon child figure with minimal simplified face, round head, small body, bright clothing, holding a small hammer, standing at a tiny workbench, working","flat vector illustration, cute cartoon style, bold black outlines, vibrant colors, simple shapes, children's flashcard art, single object centered, pure white background, no text, no letters, no words","photo, realistic, 3d render, blurry, low quality, deformed, watermark, signature, text, letters, words, writing, caption, busy background, dark background, gradient background, gray, oversaturated, neon","a simple cute cartoon child figure with minimal simplified face, round head, small body, bright clothing, holding a small hammer, standing at a tiny workbench, working, flat vector illustration, cute cartoon style, bold black outlines, vibrant colors, simple shapes, children's flashcard art, single object centered, pure white background, no text, no letters, no words"
